{"learning_rate": 0.09963558437961703, "num_boost_round": 191.58714451312179, "max-depth": 4, "gamma": 6.140489891496016e-05, "subsample": 0.7329970919203579, "reg_alpha": 1.5492015574694834e-05, "reg_lambda": 0.002889192981174229, "colsample_bytree": 0.7341652208091972, "min_child_weight": 0, "n_estimators": 443, "verbosity": 0, "booster": "gbtree", "objective": "binary:logistic", "scale_pos_weight": 3.6804984423676013, "tree_method": "gpu_hist", "eval_metrics": "logloss", "random_state": 42}